QTaxon,QTaxonLabel,gbifTaxonCode
http://www.wikidata.org/entity/Q12106,tarwe,2706388
http://www.wikidata.org/entity/Q12099,rogge,2705966
http://www.wikidata.org/entity/Q764,schimmels,5
http://www.wikidata.org/entity/Q11575,mais,5290052
http://www.wikidata.org/entity/Q8314,komkommerfamilie,6634
http://www.wikidata.org/entity/Q10998,aardappel,2930262
http://www.wikidata.org/entity/Q266,zonnedauw,3190721
http://www.wikidata.org/entity/Q1380,Capsicum annuum,2932944
http://www.wikidata.org/entity/Q756,planten,6
http://www.wikidata.org/entity/Q12024,den,2684241
http://www.wikidata.org/entity/Q13188,granaatappel,5420901
http://www.wikidata.org/entity/Q13187,kokospalm,2735117
http://www.wikidata.org/entity/Q21036,Engels gras,3082289
http://www.wikidata.org/entity/Q23425,Cucumis sativus,2874569
http://www.wikidata.org/entity/Q25284,peterselie,7828157
http://www.wikidata.org/entity/Q25062,Wijnruit,3190382
http://www.wikidata.org/entity/Q21187,ronde zonnedauw,3191030
http://www.wikidata.org/entity/Q14080,palmenfamilie,7681
http://www.wikidata.org/entity/Q22699,tamme kastanje,5333294
http://www.wikidata.org/entity/Q22701,gewone vlier,2888728
http://www.wikidata.org/entity/Q19733,gele trilzwam,5237429
http://www.wikidata.org/entity/Q14560,cactusfamilie,2519
http://www.wikidata.org/entity/Q23485,ui,2857697
http://www.wikidata.org/entity/Q25292,dadelpalm,6109699
http://www.wikidata.org/entity/Q14677,broodboom,2984573
http://www.wikidata.org/entity/Q25347,mossen,35
http://www.wikidata.org/entity/Q24380,Aloe succotrina,2777476
http://www.wikidata.org/entity/Q25308,orchideeënfamilie,7689
http://www.wikidata.org/entity/Q21128,Groot zeegras,2863967
http://www.wikidata.org/entity/Q23501,tomatenplant,2930137
http://www.wikidata.org/entity/Q26811,Karwij,3034714
http://www.wikidata.org/entity/Q25400,composietenfamilie,3065
http://www.wikidata.org/entity/Q26663,Bijvoet,3120946
http://www.wikidata.org/entity/Q26899,witte paardenkastanje,3189815
http://www.wikidata.org/entity/Q25686,absint-alsem,3121319
http://www.wikidata.org/entity/Q25403,Fagus,2874875
http://www.wikidata.org/entity/Q26545,Mierikswortelplant,3041022
http://www.wikidata.org/entity/Q27615,Lavas,5371772
http://www.wikidata.org/entity/Q27989,grasklokje,5410907
http://www.wikidata.org/entity/Q25408,duizendblad,3120060
http://www.wikidata.org/entity/Q25995,anjerfamilie,2518
http://www.wikidata.org/entity/Q27946,ossentong,5341194
http://www.wikidata.org/entity/Q26949,Helianthus,3119134
http://www.wikidata.org/entity/Q26006,laurier,3034015
http://www.wikidata.org/entity/Q26325,Jeneverbes,2684709
http://www.wikidata.org/entity/Q26354,klimop,3036074
http://www.wikidata.org/entity/Q26736,kruidnagelboom,3183002
http://www.wikidata.org/entity/Q27079,Boerenwormkruid,3118274
http://www.wikidata.org/entity/Q27355,Taxus,2684902
http://www.wikidata.org/entity/Q26726,hennep,5361880
http://www.wikidata.org/entity/Q28114,paardenstaart,2687913
http://www.wikidata.org/entity/Q28437,echte kamille,6445074
http://www.wikidata.org/entity/Q34887,papaja,2874484
http://www.wikidata.org/entity/Q33466,kardemom,2759871
http://www.wikidata.org/entity/Q28242,gele ganzenbloem,3141101
http://www.wikidata.org/entity/Q30019,Sphagnum,2668958
http://www.wikidata.org/entity/Q30024,Taraxacum,8322495
http://www.wikidata.org/entity/Q30959,doornappel,2928751
http://www.wikidata.org/entity/Q33115,Lidsteng,5372503
http://www.wikidata.org/entity/Q35625,gember,2757280
http://www.wikidata.org/entity/Q37083,olijf,5415040
http://www.wikidata.org/entity/Q28692,anijs,5371877
http://www.wikidata.org/entity/Q33551,Curcuma,2757518
http://www.wikidata.org/entity/Q34687,rozen,8395064
http://www.wikidata.org/entity/Q30046,Vitis vinifera,5372392
http://www.wikidata.org/entity/Q36146,vijgenboom,5361909
http://www.wikidata.org/entity/Q43284,Japanse notenboom,2687885
http://www.wikidata.org/entity/Q43511,venkel,3034922
http://www.wikidata.org/entity/Q81513,citrusvrucht,3190155
http://www.wikidata.org/entity/Q43238,grassenfamilie,3073
http://www.wikidata.org/entity/Q57051,toorts,2928970
http://www.wikidata.org/entity/Q45108,vlas,2873861
http://www.wikidata.org/entity/Q47685,Coffea arabica,2895345
http://www.wikidata.org/entity/Q46871,walnoot,3054368
http://www.wikidata.org/entity/Q39918,amandelboom,3022502
http://www.wikidata.org/entity/Q41611,koriander,3034871
http://www.wikidata.org/entity/Q44448,vlinderbloemenfamilie,5386
http://www.wikidata.org/entity/Q46299,rozenfamilie,5015
http://www.wikidata.org/entity/Q93201,tulp,2750913
http://www.wikidata.org/entity/Q43084,peper,3086357
http://www.wikidata.org/entity/Q80235,Tamarinde,2975768
http://www.wikidata.org/entity/Q42385,cacaoboom,3152205
http://www.wikidata.org/entity/Q53473,helmkruidfamilie,2390
http://www.wikidata.org/entity/Q42562,Curcuma longa,2757624
http://www.wikidata.org/entity/Q42081,Spijklavendel,2927305
http://www.wikidata.org/entity/Q37383,pinda,5353770
http://www.wikidata.org/entity/Q101538,klaver,2973363
http://www.wikidata.org/entity/Q109196,bergamot,6433772
http://www.wikidata.org/entity/Q122679,rozemarijn,2926634
http://www.wikidata.org/entity/Q119135,Eenbes,5295911
http://www.wikidata.org/entity/Q117068,Ilex paraguariensis,5414252
http://www.wikidata.org/entity/Q111185,Duivelsdrek,3034685
http://www.wikidata.org/entity/Q124969,hazelaar,2875979
http://www.wikidata.org/entity/Q108684,Maarts viooltje,5331181
http://www.wikidata.org/entity/Q130918,Dahlia,3093023
http://www.wikidata.org/entity/Q129324,kastanje,2882140
http://www.wikidata.org/entity/Q127849,linde,3152041
http://www.wikidata.org/entity/Q93315,blauwalgen,68
http://www.wikidata.org/entity/Q107592,heermoes,2687921
http://www.wikidata.org/entity/Q130201,Grote klaproos,2888443
http://www.wikidata.org/entity/Q145869,ranonkelfamilie,2410
http://www.wikidata.org/entity/Q146136,Sporkehout,3039454
http://www.wikidata.org/entity/Q146661,Aalbes,2986097
http://www.wikidata.org/entity/Q147783,veldbeemdgras,2704178
http://www.wikidata.org/entity/Q148668,Echte tijm,5341442
http://www.wikidata.org/entity/Q145992,Fijnspar,5284884
http://www.wikidata.org/entity/Q147861,Wegedoorn,3039491
http://www.wikidata.org/entity/Q148532,Kruidje-roer-mij-niet,2969284
http://www.wikidata.org/entity/Q146992,gewone zilverspar,2685484
http://www.wikidata.org/entity/Q146048,Europese lork,2686212
http://www.wikidata.org/entity/Q147487,Gladde iep,5361865
http://www.wikidata.org/entity/Q148650,Waterleliefamilie,2423
http://www.wikidata.org/entity/Q147520,Grote lisdodde,5289423
http://www.wikidata.org/entity/Q147648,Voorjaarsadonis,5371711
http://www.wikidata.org/entity/Q146066,hondsroos,3002461
http://www.wikidata.org/entity/Q147105,Paeonia,3083483
http://www.wikidata.org/entity/Q148396,Citroenmelisse,5341501
http://www.wikidata.org/entity/Q146567,wolfsmelk,3063749
http://www.wikidata.org/entity/Q147513,Italiaanse cipres,2684030
http://www.wikidata.org/entity/Q147075,bernagie,2926110
http://www.wikidata.org/entity/Q148710,spiraalwier,2646845
http://www.wikidata.org/entity/Q148630,Juniperus sabina,2684419
http://www.wikidata.org/entity/Q146400,zwarte nachtschade,2932865
http://www.wikidata.org/entity/Q147834,Kerstroos,3033107
http://www.wikidata.org/entity/Q146181,Trachelomonas,3208889
http://www.wikidata.org/entity/Q146149,beuk,2882316
http://www.wikidata.org/entity/Q146030,wijnruitfamilie,2396
http://www.wikidata.org/entity/Q148552,Cipreswolfsmelk,3070106
http://www.wikidata.org/entity/Q147621,dravik,2703642
http://www.wikidata.org/entity/Q146095,viooltje,2874237
http://www.wikidata.org/entity/Q147278,Alpenden,5285134
http://www.wikidata.org/entity/Q147345,Viscum,2889827
http://www.wikidata.org/entity/Q131219,paardenbloem,5394163
http://www.wikidata.org/entity/Q132655,Trigonella,2981525
http://www.wikidata.org/entity/Q140331,Gewoon krulmos,5281229
http://www.wikidata.org/entity/Q134677,Equisetopsida,246
http://www.wikidata.org/entity/Q134172,nachtschadefamilie,7717
http://www.wikidata.org/entity/Q144940,maretak,2889828
http://www.wikidata.org/entity/Q141188,Sphagnum capillifolium,2669015
http://www.wikidata.org/entity/Q133743,Bletilla,2808764
http://www.wikidata.org/entity/Q136648,Acanthus mollis,5415455
http://www.wikidata.org/entity/Q140898,Australische bekerplant,5576485
http://www.wikidata.org/entity/Q132700,Masdevallia,2847989
http://www.wikidata.org/entity/Q134091,Bulbophyllum,9574503
http://www.wikidata.org/entity/Q133128,Grove den,5285637
http://www.wikidata.org/entity/Q132609,Chlorophyceae,329
http://www.wikidata.org/entity/Q131448,vlier,2888721
http://www.wikidata.org/entity/Q135671,Croton eluteria,3058150
http://www.wikidata.org/entity/Q133728,Epidendrum,5297341
http://www.wikidata.org/entity/Q132216,Stylidiaceae,3232107
http://www.wikidata.org/entity/Q131517,Prunus cerasus,3021922
http://www.wikidata.org/entity/Q138821,Nepenthes rafflesiana,7167256
http://www.wikidata.org/entity/Q131521,Rhizophora,3086525
http://www.wikidata.org/entity/Q135389,Bitterhout,3190647
http://www.wikidata.org/entity/Q134842,Zamia,2683306
http://www.wikidata.org/entity/Q131584,Slaapbol,2888439
http://www.wikidata.org/entity/Q131238,Bacillus subtilis,5428098
http://www.wikidata.org/entity/Q131227,vliegenzwam,8168319
http://www.wikidata.org/entity/Q134347,Grote wasbloem,3170438
http://www.wikidata.org/entity/Q133008,Chlamydomonas,5271044
http://www.wikidata.org/entity/Q133751,Catasetum,2803699
http://www.wikidata.org/entity/Q134258,Rhizopus,2558384
http://www.wikidata.org/entity/Q131550,Gnetum,2653091
http://www.wikidata.org/entity/Q133733,Cattleya,2800821
http://www.wikidata.org/entity/Q134351,Dictyostelium discoideum,3212434
http://www.wikidata.org/entity/Q135336,kardinaalsmutsfamilie,6715
http://www.wikidata.org/entity/Q132825,Pinophyta,101
http://www.wikidata.org/entity/Q133219,Charophyta,7819616
http://www.wikidata.org/entity/Q156332,brandnetelfamilie,6639
http://www.wikidata.org/entity/Q156311,iepenfamilie,2382
http://www.wikidata.org/entity/Q156233,fonteinkruidfamilie,6721
http://www.wikidata.org/entity/Q156907,es,3172358
http://www.wikidata.org/entity/Q157078,Vlasbekje,5415020
http://www.wikidata.org/entity/Q157154,Grote weegbree,3189767
http://www.wikidata.org/entity/Q157175,kleine brandnetel,5361815
http://www.wikidata.org/entity/Q157115,Primulaceae,6674
http://www.wikidata.org/entity/Q156282,Cistaceae,6635
http://www.wikidata.org/entity/Q156901,Lis,2748017
http://www.wikidata.org/entity/Q157151,salie,2926981
http://www.wikidata.org/entity/Q156179,teunisbloemfamilie,2430
http://www.wikidata.org/entity/Q156665,kaardebolfamilie,2509
http://www.wikidata.org/entity/Q156579,moerbeifamilie,6640
http://www.wikidata.org/entity/Q157069,klokje,3161935
http://www.wikidata.org/entity/Q157214,Araucaria,2684910
http://www.wikidata.org/entity/Q156301,kamperfoeliefamilie,6710
http://www.wikidata.org/entity/Q156326,duindoornfamilie,2408
http://www.wikidata.org/entity/Q156960,ijzerhardfamilie,6689
http://www.wikidata.org/entity/Q157167,Aspergefamilie,7683
http://www.wikidata.org/entity/Q156538,Braziliaanse rubberboom,3071171
http://www.wikidata.org/entity/Q156807,Stinkende gouwe,5334186
http://www.wikidata.org/entity/Q156363,Turkse lelie,2753146
http://www.wikidata.org/entity/Q156544,klaverzuringfamilie,6697
http://www.wikidata.org/entity/Q156841,Zeepkruid,3085360
http://www.wikidata.org/entity/Q156369,resedafamilie,3110
http://www.wikidata.org/entity/Q157237,vederkruidfamilie,6694
http://www.wikidata.org/entity/Q156843,Grote leeuwenbek,3172001
http://www.wikidata.org/entity/Q156533,vingerhoedskruid,3172032
http://www.wikidata.org/entity/Q156288,Oost-Indische kers,2889934
http://www.wikidata.org/entity/Q156169,russenfamilie,5353
http://www.wikidata.org/entity/Q156241,Empetraceae,2506
http://www.wikidata.org/entity/Q156692,vlasleeuwenbek,3172168
http://www.wikidata.org/entity/Q156153,Waterdrieblad,5341511
http://www.wikidata.org/entity/Q156689,Asclepiadaceae,6700
http://www.wikidata.org/entity/Q157302,bremraap,3173259
http://www.wikidata.org/entity/Q156192,Orobanchaceae,6651
http://www.wikidata.org/entity/Q156525,Banaanfamilie,4686
http://www.wikidata.org/entity/Q156895,ruwe berk,5331916
http://www.wikidata.org/entity/Q156185,zonnedauwfamilie,5399
http://www.wikidata.org/entity/Q156610,Fumariaceae,6680
http://www.wikidata.org/entity/Q156870,echt duizendguldenkruid,5414457
http://www.wikidata.org/entity/Q148980,ratelaar,3172042
http://www.wikidata.org/entity/Q149115,Cunninghamia,5284278
http://www.wikidata.org/entity/Q150064,Sukadeboom,3190157
http://www.wikidata.org/entity/Q150242,Loasa,7289733
http://www.wikidata.org/entity/Q155802,klokjesfamilie,8801
http://www.wikidata.org/entity/Q155949,Berberisfamilie,6673
http://www.wikidata.org/entity/Q156064,Berkenfamilie,4688
http://www.wikidata.org/entity/Q156022,kattenstaartfamilie,6684
http://www.wikidata.org/entity/Q149376,gele ribes,2986111
http://www.wikidata.org/entity/Q148745,Spiraea,3026392
http://www.wikidata.org/entity/Q156037,pepermunt,2927179
http://www.wikidata.org/entity/Q148821,Lisdoddefamilie,4246
http://www.wikidata.org/entity/Q156117,duizendknoopfamilie,2416
http://www.wikidata.org/entity/Q155945,ooievaarsbekfamilie,4676
http://www.wikidata.org/entity/Q156029,waterkaardefamilie,3721
http://www.wikidata.org/entity/Q150137,Zygnema,2647035
http://www.wikidata.org/entity/Q152553,Herfsttijloos,2739622
http://www.wikidata.org/entity/Q155825,venusvliegenvanger,5421410
http://www.wikidata.org/entity/Q155938,vetplantenfamilie,2406
http://www.wikidata.org/entity/Q156025,waterweegbreefamilie,3720
http://www.wikidata.org/entity/Q156091,Wolfskers,3802655
http://www.wikidata.org/entity/Q149372,Rode ribes,2986130
http://www.wikidata.org/entity/Q155848,narcisfamilie,7682
http://www.wikidata.org/entity/Q155909,grote brandnetel,5361816
http://www.wikidata.org/entity/Q148929,wilde akelei,3033191
http://www.wikidata.org/entity/Q155867,wonderboom,5380041
http://www.wikidata.org/entity/Q156137,Kurkeik,2879411
http://www.wikidata.org/entity/Q150129,kustmammoetboom,2683909
http://www.wikidata.org/entity/Q148950,Moerascipres,2684191
http://www.wikidata.org/entity/Q149072,aardappelziekte,3203716
http://www.wikidata.org/entity/Q155843,cypergrassenfamilie,7708
http://www.wikidata.org/entity/Q150055,Cyclamen persicum,3169317
http://www.wikidata.org/entity/Q157353,middelste teunisbloem,3188924
http://www.wikidata.org/entity/Q157337,Festuca,2704913
http://www.wikidata.org/entity/Q157407,geel nagelkruid,5369652
http://www.wikidata.org/entity/Q157417,robinia,5352251
http://www.wikidata.org/entity/Q157384,groot blaasjeskruid,3172427
http://www.wikidata.org/entity/Q157626,witte dovenetel,2926683
http://www.wikidata.org/entity/Q157914,Geel vingerhoedskruid,5414990
http://www.wikidata.org/entity/Q157819,Echte valeriaan,2888763
http://www.wikidata.org/entity/Q157435,Orchis mascula,2849427
http://www.wikidata.org/entity/Q157557,gewoon speenkruid,9094061
http://www.wikidata.org/entity/Q157513,Grote kattenstaart,3188736
http://www.wikidata.org/entity/Q157658,teunisbloem,3188799
http://www.wikidata.org/entity/Q157786,herderstasje,3047430
http://www.wikidata.org/entity/Q157806,krokus,2747303
http://www.wikidata.org/entity/Q157498,Tradescantia,2765096
http://www.wikidata.org/entity/Q157650,Valse christusdoorn,2959443
http://www.wikidata.org/entity/Q157555,Vingerhoedskruid,5414995
http://www.wikidata.org/entity/Q157726,Reigersbek,2891620
http://www.wikidata.org/entity/Q157585,beemdooievaarsbek,2891304
http://www.wikidata.org/entity/Q157624,zachte berk,9118014
http://www.wikidata.org/entity/Q157646,leeuwenbek,3172000
http://www.wikidata.org/entity/Q157791,Lange ereprijs,3172118
http://www.wikidata.org/entity/Q157483,Cerastium,2873815
http://www.wikidata.org/entity/Q157857,Dicentra,2888542
http://www.wikidata.org/entity/Q158130,Aarvederkruid,5361760
http://www.wikidata.org/entity/Q158009,Dracaena,2752062
http://www.wikidata.org/entity/Q158742,Afrikaanse baobab,5406695
http://www.wikidata.org/entity/Q159160,Vallisneria spiralis,2865526
http://www.wikidata.org/entity/Q158617,begonia,2874710
http://www.wikidata.org/entity/Q158323,Mirabilis,3086140
http://www.wikidata.org/entity/Q158496,Heemst,3152520
http://www.wikidata.org/entity/Q159215,Najas,2865618
http://www.wikidata.org/entity/Q159364,Clematis viticella,3033518
http://www.wikidata.org/entity/Q159738,Boerenpioen,3083488
http://www.wikidata.org/entity/Q158748,Groot springzaad,2891779
http://www.wikidata.org/entity/Q158468,Piment,3186061
http://www.wikidata.org/entity/Q158185,hertshooifamilie,4900406
http://www.wikidata.org/entity/Q159537,Primula vulgaris,5414335
http://www.wikidata.org/entity/Q158842,Moeraszoutgras,2865280
http://www.wikidata.org/entity/Q159760,Brede waterpest,2865448
http://www.wikidata.org/entity/Q158508,Wollige sneeuwbal,2888615
http://www.wikidata.org/entity/Q159559,valeriaan,2888741
http://www.wikidata.org/entity/Q158538,Tuinkamperfoelie,5334227
http://www.wikidata.org/entity/Q158112,bleke schubwortel,3738478
http://www.wikidata.org/entity/Q158273,Pijpbloem,2873991
http://www.wikidata.org/entity/Q158758,Hyacinthus,2766192
http://www.wikidata.org/entity/Q158018,coca,2873939
http://www.wikidata.org/entity/Q158008,Kalmoes,2873769
http://www.wikidata.org/entity/Q158785,Spaanse aak,3189863
http://www.wikidata.org/entity/Q158622,Rafflesia,7279678
http://www.wikidata.org/entity/Q158984,Tuinanjer,3085420
http://www.wikidata.org/entity/Q160029,Palaquium gutta,2886569
http://www.wikidata.org/entity/Q158503,Berberis,3033893
http://www.wikidata.org/entity/Q158913,Kikkerbeet,5329266
http://www.wikidata.org/entity/Q159446,Scabiosa atropurpurea,2888805
http://www.wikidata.org/entity/Q158289,sint-Janskruid,3189486
http://www.wikidata.org/entity/Q159141,Zomprus,2701261
http://www.wikidata.org/entity/Q159953,Buntgras,5290194
http://www.wikidata.org/entity/Q159218,Blauwe monnikskap,3033665
http://www.wikidata.org/entity/Q159812,mastiekboom,3190583
http://www.wikidata.org/entity/Q158974,Sleutelbloem,8026112
http://www.wikidata.org/entity/Q159372,Mimulus,6008574
http://www.wikidata.org/entity/Q158563,Zuurbes,3033894
http://www.wikidata.org/entity/Q158572,gele gentiaan,3170040
http://www.wikidata.org/entity/Q158722,Kamferboom,3033991
http://www.wikidata.org/entity/Q160095,koningskaars,3171949
http://www.wikidata.org/entity/Q160121,Camellia japonica,3189636
http://www.wikidata.org/entity/Q160220,Rankende helmbloem,7315229
http://www.wikidata.org/entity/Q161058,Bilzekruid,2928978
http://www.wikidata.org/entity/Q161366,Harig wilgenroosje,3189172
http://www.wikidata.org/entity/Q161625,Knikkend nagelkruid,5369701
http://www.wikidata.org/entity/Q162755,Orchis militaris,2809968
http://www.wikidata.org/entity/Q161674,Hordeum murinum,7886346
http://www.wikidata.org/entity/Q162779,Jakobsladder,2927850
http://www.wikidata.org/entity/Q161100,Linum,2873855
http://www.wikidata.org/entity/Q161739,wollegras,2730118
http://www.wikidata.org/entity/Q162491,Luzula sylvatica,2700859
http://www.wikidata.org/entity/Q161855,glaskroosfamilie,6644
http://www.wikidata.org/entity/Q161361,Inkarnaatklaver,5359378
http://www.wikidata.org/entity/Q161115,Honderdjarige aloë,2767031
http://www.wikidata.org/entity/Q161056,bosanemoon,3033263
http://www.wikidata.org/entity/Q162044,Vanilla,2743233
http://www.wikidata.org/entity/Q161214,Myristicaceae,2439
http://www.wikidata.org/entity/Q161658,Vetblad,5415065
http://www.wikidata.org/entity/Q160502,Noordse rus,2702048
http://www.wikidata.org/entity/Q161195,blaasjeskruid,3172398
http://www.wikidata.org/entity/Q162700,Phleum arenarium,2706011
http://www.wikidata.org/entity/Q161153,Harlekijn,2808565
http://www.wikidata.org/entity/Q161110,Waternoot,3188757
http://www.wikidata.org/entity/Q161939,Keizerskroon,5300716
http://www.wikidata.org/entity/Q161189,begoniafamilie,6638
http://www.wikidata.org/entity/Q161174,Sarracenia,3190681
http://www.wikidata.org/entity/Q160191,Echt lepelblad,5373276
http://www.wikidata.org/entity/Q161525,Linnaeusklokje,5334220
http://www.wikidata.org/entity/Q161171,gebroken hartje,2888564
http://www.wikidata.org/entity/Q160125,Polygala amara,4051803
http://www.wikidata.org/entity/Q160336,Phytelephas macrocarpa,2736300
http://www.wikidata.org/entity/Q161927,Piper cubeba,3086336
http://www.wikidata.org/entity/Q161403,kornoeljefamilie,6713
http://www.wikidata.org/entity/Q161073,Cycas,2683206
http://www.wikidata.org/entity/Q161207,kroos,2867567
http://www.wikidata.org/entity/Q161794,Gaspeldoorn,2951984
http://www.wikidata.org/entity/Q161232,Watermunt,2927208
http://www.wikidata.org/entity/Q161239,Capparaceae,3111
http://www.wikidata.org/entity/Q161952,blaasjeskruidfamilie,2391
http://www.wikidata.org/entity/Q162149,Parnassiafamilie,3592363
http://www.wikidata.org/entity/Q161421,Pluimes,3172347
http://www.wikidata.org/entity/Q160099,grote kaardebol,2888815
http://www.wikidata.org/entity/Q160107,ridderspoor,3033687
http://www.wikidata.org/entity/Q180597,Fucus,1010512
http://www.wikidata.org/entity/Q177615,Gossypium herbaceum,3152658
http://www.wikidata.org/entity/Q164032,vroegeling,3050018
http://www.wikidata.org/entity/Q163563,Zingiber,2756693
http://www.wikidata.org/entity/Q190326,Driekleurig viooltje,5331347
http://www.wikidata.org/entity/Q165196,Panicum miliaceum,2705090
http://www.wikidata.org/entity/Q181095,gewone tabaksplant,2928774
http://www.wikidata.org/entity/Q163988,Neottia,2816155
http://www.wikidata.org/entity/Q165166,Rood peperboompje,5420852
http://www.wikidata.org/entity/Q171892,lavendel,2927302
http://www.wikidata.org/entity/Q173756,maagdenpalmfamilie,6701
http://www.wikidata.org/entity/Q163641,Meekrap,2892272
http://www.wikidata.org/entity/Q165191,biet,7068845
http://www.wikidata.org/entity/Q162818,fijne waterranonkel,3033464
http://www.wikidata.org/entity/Q163374,Kleine teunisbloem,3188833
http://www.wikidata.org/entity/Q184573,bruinwieren,7073593
http://www.wikidata.org/entity/Q190887,Paternosterboontje,5348711
http://www.wikidata.org/entity/Q171425,Platanaceae,6693
http://www.wikidata.org/entity/Q164088,(Echte) sagopalm,2733781
http://www.wikidata.org/entity/Q174726,ascomyceten,95
http://www.wikidata.org/entity/Q163946,Kuifhyacint,2769204
http://www.wikidata.org/entity/Q165145,zomereik,2878688
http://www.wikidata.org/entity/Q178025,Gewoon haarmos,2683084
http://www.wikidata.org/entity/Q190505,Cuscuta,2927479
http://www.wikidata.org/entity/Q165403,Oliepalm,2731882
http://www.wikidata.org/entity/Q179213,Schistostega pennata,2679339
http://www.wikidata.org/entity/Q218041,Gevlekte scheerling,3034807
http://www.wikidata.org/entity/Q292408,Andreaea rupestris,5283962
http://www.wikidata.org/entity/Q192190,Ilex aquifolium,5414222
http://www.wikidata.org/entity/Q299246,Pilvaren,3913526
http://www.wikidata.org/entity/Q223751,taxusfamilie,4863
http://www.wikidata.org/entity/Q264543,Groenwieren,36
http://www.wikidata.org/entity/Q310388,Convolvulus scammonia,2928397
http://www.wikidata.org/entity/Q286088,Cavia's,2437628
http://www.wikidata.org/entity/Q243825,Gewoon kantmos,4276916
http://www.wikidata.org/entity/Q310438,Phaseolus,2947798
http://www.wikidata.org/entity/Q247836,Diplolepis,5032715
http://www.wikidata.org/entity/Q207848,Valkruid,5405976
http://www.wikidata.org/entity/Q193335,klimopfamilie,8800
http://www.wikidata.org/entity/Q272945,Braaknoot,5414399
http://www.wikidata.org/entity/Q223597,Waterschimmels,32
http://www.wikidata.org/entity/Q217227,Moederkoorn,5251479
http://www.wikidata.org/entity/Q234529,Gewone weidechampignon,5243458
http://www.wikidata.org/entity/Q220925,Maagdenpalm,3169706
http://www.wikidata.org/entity/Q276262,Kweek,5290299
http://www.wikidata.org/entity/Q305072,wespvlinders,5340
http://www.wikidata.org/entity/Q257106,zoethout,2965732
http://www.wikidata.org/entity/Q208032,berendruif,2882580
http://www.wikidata.org/entity/Q290016,Oedogonium,2640111
http://www.wikidata.org/entity/Q215384,Lagere schimmels,96
http://www.wikidata.org/entity/Q576530,Lepidodendron,4894389
http://www.wikidata.org/entity/Q584651,Gigartinales,1400
http://www.wikidata.org/entity/Q312154,Drosophila,1522683
http://www.wikidata.org/entity/Q624488,Lycopodium,2688247
http://www.wikidata.org/entity/Q464561,Balsemienfamilie,6699
http://www.wikidata.org/entity/Q547938,Goodeniaceae,3113
http://www.wikidata.org/entity/Q578927,Gifsla,3140346
http://www.wikidata.org/entity/Q582664,IJslands mos,2605272
http://www.wikidata.org/entity/Q310648,Indigofera,2971355
http://www.wikidata.org/entity/Q373615,Polypodiopsida,7228684
http://www.wikidata.org/entity/Q311454,Garcinia,3189556
http://www.wikidata.org/entity/Q602460,Iris latifolia,5297960
http://www.wikidata.org/entity/Q310801,Mucor,8774036
http://www.wikidata.org/entity/Q322994,Dryopteris filix-mas,5275132
http://www.wikidata.org/entity/Q376320,Haematoxylum campechianum,2950903
http://www.wikidata.org/entity/Q578200,Papaver bracteatum,2888435
http://www.wikidata.org/entity/Q521874,Posteleinfamilie,6717
http://www.wikidata.org/entity/Q466426,Grote wolfsklauw,2688393
http://www.wikidata.org/entity/Q332062,Sorghum,2705181
http://www.wikidata.org/entity/Q333570,rietorchis,2810264
http://www.wikidata.org/entity/Q310495,Volvox,2639376
http://www.wikidata.org/entity/Q557928,Pontische rododendron,7327990
http://www.wikidata.org/entity/Q635586,Kleine vlotvaren,5274858
http://www.wikidata.org/entity/Q311117,Senna,2956904
http://www.wikidata.org/entity/Q381942,Zwarte mosterd,3042658
http://www.wikidata.org/entity/Q310748,Laminaria,3195825
http://www.wikidata.org/entity/Q542456,Zea,2705049
http://www.wikidata.org/entity/Q416369,Calamus rotang,5294063
http://www.wikidata.org/entity/Q429314,Pilocarpus,3190419
http://www.wikidata.org/entity/Q1307414,Desmidiaceae,8849
http://www.wikidata.org/entity/Q1772108,Pemphigus spirothecae,2070037
http://www.wikidata.org/entity/Q1190338,Amoeba proteus,5425264
http://www.wikidata.org/entity/Q1341190,Gewone alpenroos,2883073
http://www.wikidata.org/entity/Q2051175,Guaiacum officinale,3986813
http://www.wikidata.org/entity/Q1332525,Klaverbladvaren,5274875
http://www.wikidata.org/entity/Q1634854,Steenbrand,2513463
http://www.wikidata.org/entity/Q1731367,Tetraphis pellucida,5283400
http://www.wikidata.org/entity/Q1640090,Hydnophytum formicarum,2895700
http://www.wikidata.org/entity/Q1572090,Podophyllum peltatum,3033839
http://www.wikidata.org/entity/Q1544166,haarmos,2683053
http://www.wikidata.org/entity/Q1411022,Monotropaceae,6704
http://www.wikidata.org/entity/Q1413696,Eikengalwesp,4496895
http://www.wikidata.org/entity/Q1342327,zwarte roest,2514501
http://www.wikidata.org/entity/Q1562239,Cypripedium cordigerum,2820366
http://www.wikidata.org/entity/Q1878350,Myristica,3152840
http://www.wikidata.org/entity/Q1661351,Lobelia inflata,5408737
http://www.wikidata.org/entity/Q1647037,Beukengalmug,1594607
http://www.wikidata.org/entity/Q2061235,Cecropia adenopus,2984474
http://www.wikidata.org/entity/Q1210358,Dictydium,7238365
http://www.wikidata.org/entity/Q1748235,weegbreefamilie,2420
http://www.wikidata.org/entity/Q1721924,Physostigma venenosum,2946860
http://www.wikidata.org/entity/Q1640095,Hydnora,7319906
http://www.wikidata.org/entity/Q2043769,Garcinia morella,3713627
http://www.wikidata.org/entity/Q1568081,Euphorbia canariensis,3066139
http://www.wikidata.org/entity/Q1650703,Peronospora,2583264
http://www.wikidata.org/entity/Q1348567,shea tree,2886750
http://www.wikidata.org/entity/Q1785081,Hagenia,5370415
http://www.wikidata.org/entity/Q1247582,Swietenia mahagoni,3190485
http://www.wikidata.org/entity/Q1549096,Watertorkruid,5371888
http://www.wikidata.org/entity/Q1281083,Alpinia officinarum,5302199
http://www.wikidata.org/entity/Q1779272,Melosira,3193964
http://www.wikidata.org/entity/Q937813,Sniporchis,2792827
http://www.wikidata.org/entity/Q851829,Nicotiana,2928756
http://www.wikidata.org/entity/Q906525,Frullania dilatata,2688740
http://www.wikidata.org/entity/Q1188249,Cynomorium coccineum,7313225
http://www.wikidata.org/entity/Q1109580,Rheum palmatum,2888864
http://www.wikidata.org/entity/Q935632,Acacia catechu,2980865
http://www.wikidata.org/entity/Q790170,Prachtklokje,5411475
http://www.wikidata.org/entity/Q847497,gewone addertong,2650133
http://www.wikidata.org/entity/Q882055,Blastocladiales,1119
http://www.wikidata.org/entity/Q867194,Vlotvarenfamilie,6629
http://www.wikidata.org/entity/Q877973,Isoëtes,2688248
http://www.wikidata.org/entity/Q1165724,knolcyperus,2716226
http://www.wikidata.org/entity/Q1135944,Groot warkruid,2927493
http://www.wikidata.org/entity/Q950866,Acacia senegal,2978697
http://www.wikidata.org/entity/Q913609,Citrullus colocynthis,2874622
http://www.wikidata.org/entity/Q932568,Ectocarpus,3199447
http://www.wikidata.org/entity/Q872969,Genadekruid,3171915
http://www.wikidata.org/entity/Q1108126,Coleochaete,2638383
http://www.wikidata.org/entity/Q934008,Echte meeldauw,1277
http://www.wikidata.org/entity/Q1021168,Strophanthus hispidus,3169609
http://www.wikidata.org/entity/Q1055316,Kombu,560
http://www.wikidata.org/entity/Q837410,Pinus rigida,5285635
http://www.wikidata.org/entity/Q882886,Riccia glauca,5286298
http://www.wikidata.org/entity/Q1123117,Ipomoea purga,2928628
http://www.wikidata.org/entity/Q957914,Dorema ammoniacum,3034197
http://www.wikidata.org/entity/Q1012757,Anthoceros,2689589
http://www.wikidata.org/entity/Q974608,Kepayang,3879135
http://www.wikidata.org/entity/Q1051710,Hydrastis canadensis,3033110
http://www.wikidata.org/entity/Q1111359,Echte salie,2927004
http://www.wikidata.org/entity/Q843892,gagelfamilie,2432
http://www.wikidata.org/entity/Q860112,Chara,2637982
http://www.wikidata.org/entity/Q1156618,Tortula ruralis,2671271
http://www.wikidata.org/entity/Q1130177,Knoopkruid,3128547
http://www.wikidata.org/entity/Q1135851,Grauwe schimmel,2583139
http://www.wikidata.org/entity/Q857159,late stekelnoot,3089154
http://www.wikidata.org/entity/Q859433,Poncirus trifoliata,3190128
http://www.wikidata.org/entity/Q845019,Impatiens balsamina,2891773
http://www.wikidata.org/entity/Q836366,gevlekte aronskelk,5330580
http://www.wikidata.org/entity/Q854816,Donzige klit,5393080
http://www.wikidata.org/entity/Q869081,Cordaïtes,4890039
http://www.wikidata.org/entity/Q1043961,Grote teunisbloem,3188894
http://www.wikidata.org/entity/Q1146293,Saccharomyces,2518181
http://www.wikidata.org/entity/Q838000,Ephedra,2653237
http://www.wikidata.org/entity/Q1130463,Grauwe meelmot,1878490
http://www.wikidata.org/entity/Q2719974,Stanhopea,2801506
http://www.wikidata.org/entity/Q3023794,Acacia cultriformis,2979559
http://www.wikidata.org/entity/Q2154615,gaffelwier,5423480
http://www.wikidata.org/entity/Q2732635,Styrax benzoin,5371679
http://www.wikidata.org/entity/Q2252947,Aardappelgalwesp,1309640
http://www.wikidata.org/entity/Q2363141,Marsilea,2650085
http://www.wikidata.org/entity/Q2407184,Pontederia,2740415
http://www.wikidata.org/entity/Q2093169,Liquidambar orientalis,3152825
http://www.wikidata.org/entity/Q2703020,Callitrichaceae,6757
http://www.wikidata.org/entity/Q2367334,Boswellia serrata,5421354
http://www.wikidata.org/entity/Q3056652,Eriophyes pyri,5774728
http://www.wikidata.org/entity/Q2719945,Dodonaea,3190017
http://www.wikidata.org/entity/Q3185543,Walchia,3230252
http://www.wikidata.org/entity/Q3391243,Saccharum officinarum,2703912
http://www.wikidata.org/entity/Q2066265,Pediastrum boryanum,2641946
http://www.wikidata.org/entity/Q2221912,Epipactis gigantea,5319246
http://www.wikidata.org/entity/Q3011489,Nitella,2637771
http://www.wikidata.org/entity/Q2711675,Bangia,2653776
http://www.wikidata.org/entity/Q2878644,steranijs,2889756
http://www.wikidata.org/entity/Q2234016,Jatoba,2950750
http://www.wikidata.org/entity/Q2711313,Heterodera,2283969
http://www.wikidata.org/entity/Q2382775,Quillaja saponaria,3029379
http://www.wikidata.org/entity/Q3006795,Dipterocarpus retusus,7299010
http://www.wikidata.org/entity/Q2312163,Vacciniaceae,4924736
http://www.wikidata.org/entity/Q2589115,Wollige slawortelluis,2070016
http://www.wikidata.org/entity/Q2360517,Ficus pumila,5361930
http://www.wikidata.org/entity/Q3308399,Simarouba,3190668
http://www.wikidata.org/entity/Q2946347,Ceramiales,665
http://www.wikidata.org/entity/Q2398266,Ceutorhynchus,1237475
http://www.wikidata.org/entity/Q2543932,Saxifragaceae,2402
http://www.wikidata.org/entity/Q2672321,Diospyros melanoxylon,7295859
http://www.wikidata.org/entity/Q2906240,Blastophaga,1359532
http://www.wikidata.org/entity/Q2321152,Myrmecodia,2902938
http://www.wikidata.org/entity/Q2705087,Grote kroosvaren,2650107
http://www.wikidata.org/entity/Q2914608,Violier,3040284
http://www.wikidata.org/entity/Q3355098,sinaasappelboom,3190158
http://www.wikidata.org/entity/Q3018215,Geasteroides,2554430
http://www.wikidata.org/entity/Q3394798,Mucor mucedo,5250488
http://www.wikidata.org/entity/Q3331909,Myxococcus,3220562
http://www.wikidata.org/entity/Q2881802,Bambusa arundinacea,2705763
http://www.wikidata.org/entity/Q2252049,Weidebergvlas,5579175
http://www.wikidata.org/entity/Q2240448,Beta vulgaris subsp. vulgaris,7068845
http://www.wikidata.org/entity/Q5339301,Cucurbita,2874506
http://www.wikidata.org/entity/Q3552691,Usnea barbata,7247607
http://www.wikidata.org/entity/Q4059358,Acacia verticillata,2979292
http://www.wikidata.org/entity/Q3919027,mango,3190638
http://www.wikidata.org/entity/Q3442117,Rosa macrophylla,3005428
http://www.wikidata.org/entity/Q3621705,Paeonia peregrina,3614375
http://www.wikidata.org/entity/Q3753784,Frullania,2688736
http://www.wikidata.org/entity/Q5230439,Othonna,3094357
http://www.wikidata.org/entity/Q4963539,Iers mos,5279115
http://www.wikidata.org/entity/Q4838943,Bacillariaceae,8716
http://www.wikidata.org/entity/Q4791037,Aristolochia serpentaria,2873979
http://www.wikidata.org/entity/Q3699835,Cycadeoidea,4912270
http://www.wikidata.org/entity/Q4093614,Aconitum ×cammarum,3926663
http://www.wikidata.org/entity/Q4272946,Rafflesia patma,3941137
http://www.wikidata.org/entity/Q4048250,Rhizanthes zippelii,3941198
http://www.wikidata.org/entity/Q3645698,rolklaver,2962960
http://www.wikidata.org/entity/Q3493083,Sphacelariaceae,8647
http://www.wikidata.org/entity/Q3565069,Quercus infectoria,2881010
http://www.wikidata.org/entity/Q5961517,Aeginetia,3173320
http://www.wikidata.org/entity/Q6075951,Pilostyles,3189799
http://www.wikidata.org/entity/Q4968112,Brimeura duvigneaudii,2767918
http://www.wikidata.org/entity/Q5413585,Blauwe bosbes,2882833
http://www.wikidata.org/entity/Q4157858,Chrysanthemum indicum,3150814
http://www.wikidata.org/entity/Q5374267,Empleurum unicapsulare,3835074
http://www.wikidata.org/entity/Q4803937,Ascobolus,2569641
http://www.wikidata.org/entity/Q4759305,Knoppergalwesp,4497124
http://www.wikidata.org/entity/Q4544989,+Laburnocytisus 'Adamii',2940524
http://www.wikidata.org/entity/Q5463070,Psychotria domatiata,2921775
http://www.wikidata.org/entity/Q5723577,Chamaemelum nobile,5391599
http://www.wikidata.org/entity/Q6090518,Psychopsis krameriana,5325330
http://www.wikidata.org/entity/Q5861556,Ficus repens,5361931
http://www.wikidata.org/entity/Q3395566,Polygala senega,3191367
http://www.wikidata.org/entity/Q4301001,Euphorbia fulgens,3070277
http://www.wikidata.org/entity/Q15044266,Welwitschia,2653230
http://www.wikidata.org/entity/Q15399753,Cinchona calisaya,2901375
http://www.wikidata.org/entity/Q17139650,Ferula erubescens,3638761
http://www.wikidata.org/entity/Q15548577,Cnicus benedictus,3127698
http://www.wikidata.org/entity/Q16963736,Anemone pratensis,7277139
http://www.wikidata.org/entity/Q15530945,Lycopersicon esculentum,2930181
http://www.wikidata.org/entity/Q15461980,Uncaria acida,5338166
http://www.wikidata.org/entity/Q15289311,Acacia verek,3972423
http://www.wikidata.org/entity/Q14581793,Rozenknolgalwesp,8239577
http://www.wikidata.org/entity/Q16878813,Nemalion,2664923
http://www.wikidata.org/entity/Q17146891,Dictyostelium,3212430
http://www.wikidata.org/entity/Q17480550,Primula acaulis,7290926
http://www.wikidata.org/entity/Q15225517,Balanophora involucrata,4195176
http://www.wikidata.org/entity/Q15281388,Anthemis nobilis,3105279
http://www.wikidata.org/entity/Q14497560,Biorhiza,1309638
http://www.wikidata.org/entity/Q18104594,Phylloxera,2049382
http://www.wikidata.org/entity/Q15586993,Celosia spicata,3673335
http://www.wikidata.org/entity/Q15543125,Commiphora gileadensis,3993077
http://www.wikidata.org/entity/Q15327215,Curcuma rubescens,2757558
http://www.wikidata.org/entity/Q17250645,Primula floribunda,5640526
http://www.wikidata.org/entity/Q15041677,saffraankrokus,2747430
http://www.wikidata.org/entity/Q17257666,Angiopteris erecta,5615702
http://www.wikidata.org/entity/Q17561501,Synapsis,1088950
http://www.wikidata.org/entity/Q15251066,Chenopodium ambrosioides,3083836
http://www.wikidata.org/entity/Q15524013,Astragalus verus,5343315
http://www.wikidata.org/entity/Q15610294,Camphora officinalis,4180767
http://www.wikidata.org/entity/Q14582414,Weidebladwesp,4491233
http://www.wikidata.org/entity/Q15380509,Vincetoxicum officinale,5414547
http://www.wikidata.org/entity/Q10749248,Closterium moniliferum,2646383
http://www.wikidata.org/entity/Q10457178,Colomerus vitis,2128482
http://www.wikidata.org/entity/Q11839884,Closterium parvulum,2646569
http://www.wikidata.org/entity/Q13230413,Aegeria gaderensis,5141420
http://www.wikidata.org/entity/Q10262501,Cuscutaceae,2388
http://www.wikidata.org/entity/Q7224923,Vanille-orchidee,2803398
http://www.wikidata.org/entity/Q12252383,framboos,2993094
http://www.wikidata.org/entity/Q12378507,Ulothrix zonata,2646324
http://www.wikidata.org/entity/Q13541716,gewone braam,2989764
http://www.wikidata.org/entity/Q12861234,Viola × wittrockiana,5331389
http://www.wikidata.org/entity/Q13628480,Eurytoma longipennis,5045313
http://www.wikidata.org/entity/Q9047598,Myroxylon peruiferum,5357189
http://www.wikidata.org/entity/Q10687380,Synchytrium fulgens,5265712
http://www.wikidata.org/entity/Q10261839,Cruciferae,4272650
http://www.wikidata.org/entity/Q7188037,Phragmidium rosae-pimpinellifoliae,2516614
http://www.wikidata.org/entity/Q12771348,Megaptera,2440748
http://www.wikidata.org/entity/Q12835396,Amygdalus communis,5369586
http://www.wikidata.org/entity/Q9359009,Marsdenia cundurango,7151018
http://www.wikidata.org/entity/Q10568148,Livia junci,2012536
http://www.wikidata.org/entity/Q7217716,Rheum,2888863
http://www.wikidata.org/entity/Q9332551,Schoenocaulon officinale,2742010
http://www.wikidata.org/entity/Q14409548,Neuroterus,1309690
http://www.wikidata.org/entity/Q10374086,Statice,6400793
http://www.wikidata.org/entity/Q10588315,Monoblepharis,2626929
http://www.wikidata.org/entity/Q11799266,Pteris serrulata,5275416
http://www.wikidata.org/entity/Q7229863,Cucurbita pepo,2874508
http://www.wikidata.org/entity/Q10710446,Uredo,2513142
http://www.wikidata.org/entity/Q14043685,Paronychiaceae,4931766
http://www.wikidata.org/entity/Q10757112,Musa ×paradisiaca,2762752
http://www.wikidata.org/entity/Q14409570,Blauwmaanzaadgalwesp,1309633
http://www.wikidata.org/entity/Q10628905,Phycomyces nitens,2558258
http://www.wikidata.org/entity/Q9338825,Viscaria,3085428
http://www.wikidata.org/entity/Q7224565,radijs,7678610
http://www.wikidata.org/entity/Q10504103,Geoica utricularia,2078166
http://www.wikidata.org/entity/Q11286530,Nostoc commune,3219423
http://www.wikidata.org/entity/Q11220628,Cuscuta trifolii,3610746
http://www.wikidata.org/entity/Q12347840,Filadelfacoj,4937739
http://www.wikidata.org/entity/Q10416319,Aptera,1994732
http://www.wikidata.org/entity/Q12012524,Ceratophyllaceae,2425
http://www.wikidata.org/entity/Q9069137,Ricinus,3071267
http://www.wikidata.org/entity/Q14409577,Havikskruidgalwesp,1309679
http://www.wikidata.org/entity/Q7450834,Senna italica,2957095
http://www.wikidata.org/entity/Q10584137,Microbotryum tragopogonis-pratensis,2556077
http://www.wikidata.org/entity/Q756005,Casuarina,2891925
http://www.wikidata.org/entity/Q731278,Gaffeltandmos,2675446
http://www.wikidata.org/entity/Q674593,hulstfamilie,6716
http://www.wikidata.org/entity/Q781270,addertong,2650127
http://www.wikidata.org/entity/Q654492,Volvocaceae,8821
http://www.wikidata.org/entity/Q754755,Blaaswier,8222574
http://www.wikidata.org/entity/Q738426,Geelziek,5427661
http://www.wikidata.org/entity/Q743883,Polypodium vulgare,5274951
http://www.wikidata.org/entity/Q715019,Datura metel,2928747
http://www.wikidata.org/entity/Q740873,Rhizophoraceae,6671
http://www.wikidata.org/entity/Q768519,galmuggen,3338
http://www.wikidata.org/entity/Q692248,Rond wintergroen,2888269
http://www.wikidata.org/entity/Q697416,Elecampane,3148340
http://www.wikidata.org/entity/Q59420215,Dematium pullulans,3478498
http://www.wikidata.org/entity/Q98076108,Balsamodendrum myrrha,3994056
http://www.wikidata.org/entity/Q21877234,Rhus toxicodendron,3190633
http://www.wikidata.org/entity/Q87608696,Barosma betulina,3190126
http://www.wikidata.org/entity/Q39268022,Menispermum palmatum,3829975
http://www.wikidata.org/entity/Q37247507,Amorphophallus campanulatus,2871556
http://www.wikidata.org/entity/Q50830790,Cinchona succirubra,7581287
http://www.wikidata.org/entity/Q21877185,Pyrus malus,5362336
http://www.wikidata.org/entity/Q63289354,Derbesia marina,2643224
http://www.wikidata.org/entity/Q21226524,Polyangiaceae,4876
http://www.wikidata.org/entity/Q19833729,Citrus limonum,3190175
http://www.wikidata.org/entity/Q108331352,Rozites gongylophorus,2535787
http://www.wikidata.org/entity/Q18667433,Pangium,7110797
http://www.wikidata.org/entity/Q50843188,Krameria triandra,7309941
http://www.wikidata.org/entity/Q21975996,Ledum palustre,2882977
http://www.wikidata.org/entity/Q107580011,Collema multifidum,7250573
http://www.wikidata.org/entity/Q98101169,Landolphia florida,3617009
http://www.wikidata.org/entity/Q21877146,Poterium sanguisorba,5364245
http://www.wikidata.org/entity/Q18201508,Amherstia nobilis,2968146
http://www.wikidata.org/entity/Q109787059,Schizoneura lanuginosa,5159617
http://www.wikidata.org/entity/Q19830063,Myxomycetes,319
http://www.wikidata.org/entity/Q21370547,Ribes × gordonianum,4194700
http://www.wikidata.org/entity/Q21370791,Solanum × proteus,4937446
http://www.wikidata.org/entity/Q104813529,Mesocarpus,2646829
http://www.wikidata.org/entity/Q38621304,Casuarina sumatrana,2891805
http://www.wikidata.org/entity/Q104388696,Althaea rosea,7786241
http://www.wikidata.org/entity/Q69612095,Spirogyra orthospira,4268639
http://www.wikidata.org/entity/Q86838301,Ribesiaceae,4927352
http://www.wikidata.org/entity/Q86718514,Potentillaceae,4938463
http://www.wikidata.org/entity/Q86921955,Sanguisorbaceae,4938458
http://www.wikidata.org/entity/Q20751435,Cutleria,3198116
http://www.wikidata.org/entity/Q21877526,Spiraea ulmaria,2988053
http://www.wikidata.org/entity/Q87608811,Barosma serratifolia,3190122
http://www.wikidata.org/entity/Q26271235,Polyangium,3220602
http://www.wikidata.org/entity/Q39238141,Sterculia acuminata,5406676
http://www.wikidata.org/entity/Q18718834,Crenothrix,3228841
http://www.wikidata.org/entity/Q65935951,Datura tatula,2928754
http://www.wikidata.org/entity/Q108458066,Uncinula spiralis,3563502
http://www.wikidata.org/entity/Q25365887,Actinophrys,3210522
http://www.wikidata.org/entity/Q59551286,Peziza convexula,5953091
http://www.wikidata.org/entity/Q38558082,Icica icicariba,3994214
http://www.wikidata.org/entity/Q21248456,Calamus draco,5293618
http://www.wikidata.org/entity/Q50874734,Tilia ulmifolia,4261891
http://www.wikidata.org/entity/Q63284691,Pandorina morum,5271376
http://www.wikidata.org/entity/Q50838910,Cassia angustifolia,5354413
http://www.wikidata.org/entity/Q69675808,Sphaeroplea annulina,2641157
http://www.wikidata.org/entity/Q104852123,Pandanus odoratissimus,8830139
http://www.wikidata.org/entity/Q37092402,Pleuromeia,9739312
http://www.wikidata.org/entity/Q18674606,Malus domestica,3001244
http://www.wikidata.org/entity/Q87300805,Dielytra,7314959
http://www.wikidata.org/entity/Q109655315,Oniscus aquaticus,5176412
http://www.wikidata.org/entity/Q38875610,Nemalion multifidum,2664937
http://www.wikidata.org/entity/Q109661738,Chermes abietis,7752125
http://www.wikidata.org/entity/Q50363714,Aceria campestricola,4544677
http://www.wikidata.org/entity/Q105821230,Heterodera javanica,7024686
http://www.wikidata.org/entity/Q104250895,Iris florentina,8277953
http://www.wikidata.org/entity/Q50845566,Melaleuca minor,5415889
http://www.wikidata.org/entity/Q55934912,Pilostyles aethiopica,3941216
http://www.wikidata.org/entity/Q105059783,Oidium tuckeri,5255441
